parameter,value,unit,sourceType,sourceLocation,locator,conditions,status
atmosphere_table,NaN,SI,unknown,data/processed/exponential_atmosphere_candidate.csv,,Original published table and unit conversion not checked,unverified
initial_mass,50,kg,team_assumption,config/baseline_case.m,initialMass_kg,Representative 50 kg spacecraft,candidate
initial_altitude,550000,m,team_assumption,config/baseline_case.m,initialAltitude_m,Representative 550 km circular orbit,candidate
inclination,0.9250245035569946,rad,team_assumption,config/baseline_case.m,inclination_rad,Representative 53 degree orbit,candidate
thrust,0.020,N,team_assumption,config/baseline_case.m,thrust_N,Same-device workpoint not verified,candidate
specific_impulse,1200,s,team_assumption,config/baseline_case.m,Isp_s,Same-device workpoint not verified,candidate
effective_sail_area,10,m2,team_assumption,config/baseline_case.m,addedArea_m2,Effective area depends on attitude,candidate
reentry_interface,120000,m,team_definition,config/baseline_case.m,reentryAltitude_m,Simulation endpoint only,candidate
window_lower_boundary,500000,m,team_definition,config/baseline_case.m,windowLowerAltitude_m,Research metric not contest rule,candidate
