caseId,group,thrust_mN,hardwareAddedArea_m2,maxUsedAddedArea_m2,thrustOn_h,propUsed_kg,inputPower_W,candidateInputEnergy_Wh,massMargin_kg,thrustModeMargin_W,concurrentThrustSail,status,reasonCodes
B0,baselines,20,10,0,0,0,NaN,0,2,NaN,0,unverified,candidate_or_unknown_inputs
B1,baselines,20,10,10,0,0,NaN,0,2,NaN,0,unverified,candidate_or_unknown_inputs
B2,baselines,20,10,0,130.755333333334,0.799999999999997,350,45764.3666666669,2,90,0,unverified,candidate_or_unknown_inputs
P,baselines,20,10,10,72.5344925221468,0.443787588149746,350,25387.0723827514,2,90,0,unverified,candidate_or_unknown_inputs
SW300,switch,20,10,10,91.5293747752109,0.560003924532076,350,32035.2811713238,2,90,0,unverified,candidate_or_unknown_inputs
SW325,switch,20,10,10,82.0994805470122,0.502309028345053,350,28734.8181914543,2,90,0,unverified,candidate_or_unknown_inputs
SW350,switch,20,10,10,72.5344925221468,0.443787588149746,350,25387.0723827514,2,90,0,unverified,candidate_or_unknown_inputs
SW375,switch,20,10,10,62.9695044971223,0.385266147953509,350,22039.3265739928,2,90,0,unverified,candidate_or_unknown_inputs
SW400,switch,20,10,10,53.4045164720977,0.326744707757108,350,18691.5807652342,2,90,0,unverified,candidate_or_unknown_inputs
SW425,switch,20,10,10,43.6909864829699,0.267314443666265,350,15291.8452690395,2,90,0,unverified,candidate_or_unknown_inputs
SW450,switch,20,10,10,33.8306298966625,0.206985850805317,350,11840.7204638319,2,90,0,unverified,candidate_or_unknown_inputs
RHO_0.5,density,20,10,10,72.5344925221468,0.443787588149732,350,25387.0723827514,2,90,0,unverified,candidate_or_unknown_inputs
RHO_0.75,density,20,10,10,72.5344925221468,0.443787588150428,350,25387.0723827514,2,90,0,unverified,candidate_or_unknown_inputs
RHO_1,density,20,10,10,72.5344925221468,0.443787588149746,350,25387.0723827514,2,90,0,unverified,candidate_or_unknown_inputs
RHO_1.5,density,20,10,10,71.9776637030428,0.440380743900903,350,25192.182296065,2,90,0,unverified,candidate_or_unknown_inputs
RHO_2,density,20,10,10,71.7374101867281,0.438910801466584,350,25108.0935653548,2,90,0,unverified,candidate_or_unknown_inputs
SAIL_5,sail,20,5,5,72.5344925221468,0.443787588149746,350,25387.0723827514,NaN,90,0,unverified,sail_mass_unmapped;candidate_or_unknown_inputs
SAIL_10,sail,20,10,10,72.5344925221468,0.443787588149746,350,25387.0723827514,2,90,0,unverified,candidate_or_unknown_inputs
SAIL_15,sail,20,15,15,72.5344925221468,0.443787588149746,350,25387.0723827514,NaN,90,0,unverified,sail_mass_unmapped;candidate_or_unknown_inputs
SAIL_20,sail,20,20,20,72.5344925221468,0.443787588149746,350,25387.0723827514,NaN,90,0,unverified,sail_mass_unmapped;candidate_or_unknown_inputs
T_10,thrust,10,10,10,143.474820373619,0.43891080146642,NaN,NaN,NaN,NaN,0,unverified,thrust_workpoint_unmapped;candidate_or_unknown_inputs
T_20,thrust,20,10,10,72.5344925221468,0.443787588149746,350,25387.0723827514,2,90,0,unverified,candidate_or_unknown_inputs
T_30,thrust,30,10,10,48.3460276309757,0.44369305387464,NaN,NaN,NaN,NaN,0,unverified,thrust_workpoint_unmapped;candidate_or_unknown_inputs
T_40,thrust,40,10,10,36.1869691983031,0.442805270280196,NaN,NaN,NaN,NaN,0,unverified,thrust_workpoint_unmapped;candidate_or_unknown_inputs
F1,faults,20,10,10,0,0,NaN,0,2,NaN,0,unverified,candidate_or_unknown_inputs
F2,faults,20,10,5,99.6352919255868,0.609598335367828,350,34872.3521739554,2,NaN,1,unverified,combined_power_mode_unassessed;candidate_or_unknown_inputs
F3,faults,20,10,0,130.755333333344,0.799999999999997,350,45764.3666666705,2,90,0,unverified,candidate_or_unknown_inputs
F4,faults,20,10,10,72.5344925221468,0.443787588149732,350,25387.0723827514,2,90,0,unverified,candidate_or_unknown_inputs
SUP_NOMINAL,supervised,20,10,10,72.5344925221468,0.443787588149746,350,25387.0723827514,2,90,0,unverified,candidate_or_unknown_inputs
SUP_THRUSTER_FAILED,supervised,20,10,10,0,0,NaN,0,2,NaN,0,unverified,candidate_or_unknown_inputs
SUP_THRUST_POWER_LOW,supervised,20,10,0,0,0,NaN,0,2,NaN,0,unverified,candidate_or_unknown_inputs
SUP_ATTITUDE_UNAVAILABLE,supervised,20,10,0,0,0,NaN,0,2,NaN,0,unverified,candidate_or_unknown_inputs
HW_BHT200,hardware,13,10,10,110.79444462145,0.38038936127117,NaN,NaN,NaN,NaN,0,unverified,thrust_workpoint_unmapped;candidate_or_unknown_inputs
AREA_FACTOR_0.75,hardware,20,10,7.5,72.5344925221468,0.443787588149746,350,25387.0723827514,2,90,0,unverified,candidate_or_unknown_inputs
AREA_FACTOR_0.5,hardware,20,10,5,72.5344925221468,0.443787588149746,350,25387.0723827514,2,90,0,unverified,candidate_or_unknown_inputs
AREA_FACTOR_0.25,hardware,20,10,2.5,72.5344925221468,0.443787588149746,350,25387.0723827514,2,90,0,unverified,candidate_or_unknown_inputs
SUP_POWER_650,power,20,10,10,71.9911687518938,0.440463371804732,350,25196.9090631628,2,90,0,unverified,candidate_or_unknown_inputs
SUP_POWER_500,power,20,10,0,1.00063990732247,0.00612221242105448,350,350.223967562864,2,90,0,unverified,candidate_or_unknown_inputs
