caseId,start_s,confirmation_s,timeout_s,motorEnergy_Wh,energyError_Wh,pass
A2_IDEAL,NaN,NaN,NaN,0,0,1
A2_NORMAL_60,604331.285839354,604401.285839354,NaN,0.5,0,1
A2_NORMAL_120,604331.285839354,604461.285839354,NaN,1,0,1
A2_NORMAL_300,604331.285839354,604641.285839354,NaN,2.5,0,1
A2_PARTIAL,604331.285839354,604461.285839354,NaN,1,0,1
A2_FAILED,604331.285839354,604461.285839354,NaN,1,0,1
A2_LOST_DEPLOYED,604331.285839354,NaN,604931.285839354,1,0,1
A2_LOST_STOWED,604331.285839354,NaN,604931.285839354,1,0,1
A2_STEP_AREA,604331.285839354,604461.285839354,NaN,1,0,1
A2_NORMAL_500,2201303.85778764,2201433.85778764,NaN,1,0,1
