start_s,end_s,generation_W,load_W,batteryEnd_Wh,unmet_Wh,thrustOn
0,60,500,560,238.888888888889,0,1
60,120,500,560,237.777777777778,0,1
120,180,500,560,236.666666666667,0,1
180,240,500,560,235.555555555556,0,1
240,300,500,560,234.444444444444,0,1
300,360,500,560,233.333333333333,0,1
360,420,500,560,232.222222222222,0,1
420,480,500,560,231.111111111111,0,1
480,540,500,560,230,0,1
540,600,500,560,228.888888888889,0,1
600,660,500,560,227.777777777778,0,1
660,720,500,560,226.666666666667,0,1
720,780,500,560,225.555555555556,0,1
780,840,500,560,224.444444444444,0,1
840,900,500,560,223.333333333333,0,1
900,960,500,560,222.222222222222,0,1
960,1020,500,560,221.111111111111,0,1
1020,1080,500,560,220,0,1
1080,1140,500,560,218.888888888889,0,1
1140,1200,500,560,217.777777777778,0,1
1200,1260,500,560,216.666666666667,0,1
1260,1320,500,560,215.555555555555,0,1
1320,1380,500,560,214.444444444444,0,1
1380,1440,500,560,213.333333333333,0,1
1440,1500,500,560,212.222222222222,0,1
1500,1560,500,560,211.111111111111,0,1
1560,1620,500,560,210,0,1
1620,1680,500,560,208.888888888889,0,1
1680,1740,500,560,207.777777777778,0,1
1740,1800,500,560,206.666666666667,0,1
1800,1801.15183318044,500,560,206.645336422584,0,1
1801.15183318044,1861.15183318044,0,230,202.386077163325,0,0
1861.15183318044,1921.15183318044,0,230,198.126817904066,0,0
1921.15183318044,1981.15183318044,0,230,193.867558644806,0,0
1981.15183318044,2041.15183318044,0,230,189.608299385547,0,0
2041.15183318044,2101.15183318044,0,230,185.349040126288,0,0
2101.15183318044,2161.15183318044,0,230,181.089780867029,0,0
2161.15183318044,2221.15183318044,0,230,176.830521607769,0,0
2221.15183318044,2281.15183318044,0,230,172.57126234851,0,0
2281.15183318044,2341.15183318044,0,230,168.312003089251,0,0
2341.15183318044,2401.15183318044,0,230,164.052743829992,0,0
2401.15183318044,2461.15183318044,0,230,159.793484570732,0,0
2461.15183318044,2521.15183318044,0,230,155.534225311473,0,0
2521.15183318044,2581.15183318044,0,230,151.274966052214,0,0
2581.15183318044,2641.15183318044,0,230,147.015706792955,0,0
2641.15183318044,2701.15183318044,0,230,142.756447533695,0,0
2701.15183318044,2761.15183318044,0,230,138.497188274436,0,0
2761.15183318044,2821.15183318044,0,230,134.237929015177,0,0
2821.15183318044,2881.15183318044,0,230,129.978669755917,0,0
2881.15183318044,2941.15183318044,0,230,125.719410496658,0,0
2941.15183318044,3001.15183318044,0,230,121.460151237399,0,0
3001.15183318044,3061.15183318044,0,230,117.20089197814,0,0
3061.15183318044,3121.15183318044,0,230,112.94163271888,0,0
3121.15183318044,3181.15183318044,0,230,108.682373459621,0,0
3181.15183318044,3241.15183318044,0,230,104.423114200362,0,0
3241.15183318044,3301.15183318044,0,230,100.163854941103,0,0
3301.15183318044,3361.15183318044,0,230,95.9045956818433,0,0
3361.15183318044,3421.15183318044,0,230,91.6453364225841,0,0
3421.15183318044,3481.15183318044,0,230,87.3860771633248,0,0
3481.15183318044,3541.15183318044,0,230,83.1268179040655,0,0
3541.15183318044,3601.15183318044,0,230,78.8675586448063,0,0
3601.15183318044,3661.15183318044,0,230,74.608299385547,0,0
3661.15183318044,3721.15183318044,0,230,70.3490401262877,0,0
3721.15183318044,3781.15183318044,0,230,66.0897808670285,0,0
3781.15183318044,3841.15183318044,0,230,61.8305216077692,0,0
3841.15183318044,3901.15183318044,0,230,60,2.18586388634103,0
