height_m,source_line,density_relative_error,scale_height_relative_error,status
120000.0,12,0.0,0.0,numeric_match
130000.0,13,0.0,0.0,numeric_match
140000.0,14,0.0,0.0,numeric_match
150000.0,15,0.0,0.0,numeric_match
180000.0,16,0.0,0.0,numeric_match
200000.0,17,0.0,0.0,numeric_match
250000.0,18,0.0,0.0,numeric_match
300000.0,19,0.0,0.0,numeric_match
350000.0,20,0.0,0.0,numeric_match
400000.0,21,0.0,0.0,numeric_match
450000.0,22,0.0,0.0,numeric_match
500000.0,23,0.0,0.0,numeric_match
600000.0,24,0.0,0.0,numeric_match
700000.0,25,0.0,0.0,numeric_match
