artifact,producer,role,exists,bytes
results/defense_20260930/tables/baselines_results.mat,runCaseGroup,case_config_and_trajectory,1,25660928
results/defense_20260930/tables/baselines_summary.csv,runCaseGroup,case_metrics,1,603
results/defense_20260930/tables/switch_results.mat,runCaseGroup,case_config_and_trajectory,1,7210163
results/defense_20260930/tables/switch_summary.csv,runCaseGroup,case_metrics,1,1185
results/defense_20260930/tables/density_results.mat,runCaseGroup,case_config_and_trajectory,1,4491125
results/defense_20260930/tables/density_summary.csv,runCaseGroup,case_metrics,1,898
results/defense_20260930/tables/sail_results.mat,runCaseGroup,case_config_and_trajectory,1,3540337
results/defense_20260930/tables/sail_summary.csv,runCaseGroup,case_metrics,1,757
results/defense_20260930/tables/thrust_results.mat,runCaseGroup,case_config_and_trajectory,1,3613252
results/defense_20260930/tables/thrust_summary.csv,runCaseGroup,case_metrics,1,743
results/defense_20260930/tables/faults_results.mat,runCaseGroup,case_config_and_trajectory,1,8581699
results/defense_20260930/tables/faults_summary.csv,runCaseGroup,case_metrics,1,693
results/defense_20260930/tables/supervised_results.mat,runCaseGroup,case_config_and_trajectory,1,42688996
results/defense_20260930/tables/supervised_summary.csv,runCaseGroup,case_metrics,1,607
results/defense_20260930/tables/fault_comparison.csv,run_fault_cases,analysis_table,1,833
results/defense_20260930/tables/numerical_check.csv,run_numerical_check,analysis_table,1,453
results/defense_20260930/tables/switch_diagnostic.csv,analyzeSwitchNeighborhood,analysis_table,1,303
results/defense_20260930/tables/switch_tradeoff.csv,run_switch_scan,analysis_table,1,1342
results/defense_20260930/tables/engineering_mass.csv,run_engineering_audit,analysis_table,1,82
results/defense_20260930/tables/engineering_power.csv,run_engineering_audit,analysis_table,1,213
results/defense_20260930/tables/engineering_thruster.csv,run_engineering_audit,analysis_table,1,112
results/defense_20260930/tables/engineering_conditions.csv,run_engineering_audit,analysis_table,1,180
results/defense_20260930/tables/engineering_operations.csv,run_engineering_audit,analysis_table,1,186
results/defense_20260930/tables/engineering_summary.csv,run_engineering_audit,analysis_table,1,52
results/defense_20260930/tables/resource_case_audit.csv,run_case_resource_audit,analysis_table,1,4124
results/defense_20260930/tables/supervisor_scenarios.csv,run_supervisor_scenarios,analysis_table,1,1295
results/defense_20260930/tables/input_audit.csv,run_input_audit,analysis_table,1,1317
results/defense_20260930/figures/baselines.png,plotCoreResults,result_figure,1,66448
results/defense_20260930/figures/baseline_metrics.png,plotCoreResults,result_figure,1,52994
results/defense_20260930/figures/P_timeline.png,plotCoreResults,result_figure,1,40291
results/defense_20260930/figures/window_exit.png,plotWindowResults,result_figure,1,67089
results/defense_20260930/figures/tradeoff.png,plotCoreResults,result_figure,1,62421
results/defense_20260930/figures/switch_window_scan.png,plotSwitchWindowScan,result_figure,1,82498
results/defense_20260930/figures/switch_tradeoff.png,plotSwitchTradeoff,result_figure,1,94654
results/defense_20260930/figures/density.png,plotCoreResults,result_figure,1,50563
results/defense_20260930/figures/sail.png,plotCoreResults,result_figure,1,53331
results/defense_20260930/figures/thrust.png,plotCoreResults,result_figure,1,51082
results/defense_20260930/figures/faults.png,plotCoreResults,result_figure,1,79635
results/defense_20260930/videos/P_altitude.mp4,makeOrbitVideo,result_video,1,4901048
config/baseline_case.m,project_input,candidate_input,1,1826
config/parameter_sources.csv,project_input,candidate_input,1,1201
config/engineering_budget_candidate.csv,project_input,candidate_input,1,3031
data/processed/exponential_atmosphere_candidate.csv,project_input,candidate_input,1,351
results/defense_20260930/logs/verification_20260930.txt,MATLAB execution,execution_log,1,1676
results/defense_20260930/tables/evidence_snapshot.mat,buildEvidenceIndex,parameter_snapshot,1,3990
