caseId,status,tWindowExit_d,windowExitStatus,windowExitObserved,windowReturnCount,windowObservationEnd_d,t120_d,tSwitch_d,propUsed_kg,thrustOn_h,deadlineMet,runtime_s
A2_IDEAL,reentry,3.21764671840053,observed,1,12,9.83166502187344,9.83166502187344,6.99457506758512,0.441839599872644,72.2161052013508,NaN,63.614378
A2_NORMAL_60,reentry,3.21764671840053,observed,1,12,9.8320590769502,9.8320590769502,6.99457506758512,0.441839599872644,72.2161052013508,NaN,81.1200461
A2_NORMAL_120,reentry,3.21764671840053,observed,1,12,9.83245982646045,9.83245982646045,6.99457506758512,0.441839599872644,72.2161052013508,NaN,88.4864837
A2_NORMAL_300,reentry,3.21764671840053,observed,1,12,9.8337003378539,9.8337003378539,6.99457506758512,0.441839599872644,72.2161052013508,NaN,97.4824346
A2_PARTIAL,reentry,3.21764671840053,observed,1,12,9.44756746696948,9.44756746696948,6.99457506758512,0.594879332824689,97.2295568206335,NaN,72.0179382
A2_FAILED,reentry,3.21764671840053,observed,1,12,12.5149237257935,12.5149237257935,6.99457506758512,0.79005113902641,129.129250042144,NaN,136.6418731
A2_LOST_DEPLOYED,reentry,3.21764671840053,observed,1,12,9.83245982653515,9.83245982653515,6.99457506758512,0.441839599872644,72.2161052013508,NaN,96.1338869
A2_LOST_STOWED,reentry,3.21764671840053,observed,1,12,66.3246659711556,66.3246659711556,6.99457506758512,0.441839599872644,72.2161052013508,NaN,708.0448427
A2_STEP_AREA,reentry,3.21764671840053,observed,1,12,9.83325582423701,9.83325582423701,6.99457506758512,0.441839599872644,72.2161052013508,NaN,29.9963349
A2_NORMAL_500,reentry,9.93396337397695,observed,1,60,28.4653672360977,28.4653672360977,25.4780539095792,0.430728128362318,70.4000000000017,NaN,126.5744303
