files,exists,bytes
a1/tables/power_a1_summary.csv,1,1382
a1/tables/power_a1_resources.csv,1,456
a1/tables/power_a1_results.mat,1,16578686
a1/tables/energy_audit.csv,1,289
a1/tables/resolution_check.csv,1,165
a1/figures/battery_history.png,1,100266
a1/figures/thrust_history.png,1,110245
a2/tables/deployment_summary.csv,1,1705
a2/tables/deployment_resources.csv,1,410
a2/tables/deployment_results.mat,1,20504178
a2/tables/deployment_audit.csv,1,634
a2/tables/resolution_check.csv,1,199
a2/figures/area_and_feedback.png,1,93697
u1/tables/uncertainty_summary.csv,1,933
u1/tables/uncertainty_resources.csv,1,469
u1/tables/uncertainty_results.mat,1,7231873
u1/tables/uncertainty_audit.csv,1,343
u1/tables/resolution_check.csv,1,276
u1/figures/uncertainty_comparison.png,1,73632
u1/validation.txt,1,3545
u2/tables/uncertainty_summary.csv,1,321
u2/tables/uncertainty_resources.csv,1,171
u2/tables/uncertainty_results.mat,1,1922774
u2/tables/uncertainty_audit.csv,1,138
u2/tables/resolution_check.csv,1,83
u2/tables/combined_events.csv,1,19998
u2/tables/combined_power.csv,1,1221008
u2/tables/combined_refined.mat,1,3018397
u2/validation.txt,1,2451
a1/tables/A1_OLD_650_power.csv,1,886702
a1/tables/A1_NEW_650_R00_power.csv,1,887398
a1/tables/A1_NEW_650_R10_power.csv,1,887112
a1/tables/A1_NEW_650_R20_power.csv,1,910278
a1/tables/A1_OLD_500_power.csv,1,3410
a1/tables/A1_NEW_500_R00_power.csv,1,2124445
a1/tables/A1_NEW_500_R10_power.csv,1,2593753
a1/tables/A1_NEW_500_R20_power.csv,1,3083016
a2/tables/A2_IDEAL.mat,1,1326361
a2/tables/A2_IDEAL_events.csv,1,13833
a2/tables/A2_NORMAL_60.mat,1,1330466
a2/tables/A2_NORMAL_60_events.csv,1,14145
a2/tables/A2_NORMAL_120.mat,1,1333507
a2/tables/A2_NORMAL_120_events.csv,1,14145
a2/tables/A2_NORMAL_300.mat,1,1331206
a2/tables/A2_NORMAL_300_events.csv,1,14145
a2/tables/A2_PARTIAL.mat,1,1427480
a2/tables/A2_PARTIAL_events.csv,1,18258
a2/tables/A2_FAILED.mat,1,1787629
a2/tables/A2_FAILED_events.csv,1,23349
a2/tables/A2_LOST_DEPLOYED.mat,1,1330496
a2/tables/A2_LOST_DEPLOYED_events.csv,1,14185
a2/tables/A2_LOST_STOWED.mat,1,5742018
a2/tables/A2_LOST_STOWED_events.csv,1,14185
a2/tables/A2_STEP_AREA.mat,1,1330516
a2/tables/A2_STEP_AREA_events.csv,1,14145
a2/tables/A2_NORMAL_500.mat,1,3770321
a2/tables/A2_NORMAL_500_events.csv,1,54545
a1/validation.txt,1,4191
u1/tables/U1_BASE.mat,1,1360827
u1/tables/U1_BASE_events.csv,1,14145
u1/tables/U1_SOLAR_585.mat,1,1624517
u1/tables/U1_SOLAR_585_events.csv,1,16573
u1/tables/U1_CAPACITY_270.mat,1,1420409
u1/tables/U1_CAPACITY_270_events.csv,1,15004
u1/tables/U1_INITIAL_70.mat,1,1360038
u1/tables/U1_INITIAL_70_events.csv,1,14142
u1/tables/U1_LOAD_110.mat,1,1515183
u1/tables/U1_LOAD_110_events.csv,1,15201
a2/validation_20260930_202632_749.txt,1,4603
