time_s,type,detail
0,supervisor,THRUST_POWER_INSUFFICIENT
600,supervisor,THRUST_PERMITTED
1801.15183318044,supervisor,THRUST_POWER_INSUFFICIENT
5858.9928150148,supervisor,THRUST_PERMITTED
7540.14464819524,supervisor,THRUST_POWER_INSUFFICIENT
11657.9856300296,supervisor,THRUST_PERMITTED
13279.13746321,supervisor,THRUST_POWER_INSUFFICIENT
17396.9784450444,supervisor,THRUST_PERMITTED
19018.1302782248,supervisor,THRUST_POWER_INSUFFICIENT
23075.9712600592,supervisor,THRUST_PERMITTED
24757.1230932396,supervisor,THRUST_POWER_INSUFFICIENT
28874.964075074,supervisor,THRUST_PERMITTED
30496.1159082544,supervisor,THRUST_POWER_INSUFFICIENT
34613.9568900888,supervisor,THRUST_PERMITTED
36235.1087232692,supervisor,THRUST_POWER_INSUFFICIENT
40292.9497051036,supervisor,THRUST_PERMITTED
41974.101538284,supervisor,THRUST_POWER_INSUFFICIENT
46091.9425201184,supervisor,THRUST_PERMITTED
47713.0943532988,supervisor,THRUST_POWER_INSUFFICIENT
51830.9353351332,supervisor,THRUST_PERMITTED
53452.0871683136,supervisor,THRUST_POWER_INSUFFICIENT
57569.928150148,supervisor,THRUST_PERMITTED
59191.0799833284,supervisor,THRUST_POWER_INSUFFICIENT
63248.9209651628,supervisor,THRUST_PERMITTED
64930.0727983432,supervisor,THRUST_POWER_INSUFFICIENT
69047.9137801776,supervisor,THRUST_PERMITTED
70669.065613358,supervisor,THRUST_POWER_INSUFFICIENT
74786.9065951924,supervisor,THRUST_PERMITTED
76408.0584283728,supervisor,THRUST_POWER_INSUFFICIENT
80465.8994102072,supervisor,THRUST_PERMITTED
82147.0512433876,supervisor,THRUST_POWER_INSUFFICIENT
86264.8922257959,supervisor,THRUST_PERMITTED
87886.0440584024,supervisor,THRUST_POWER_INSUFFICIENT
92003.8850402368,supervisor,THRUST_PERMITTED
93625.0368734172,supervisor,THRUST_POWER_INSUFFICIENT
97682.8778552516,supervisor,THRUST_PERMITTED
99364.029688432,supervisor,THRUST_POWER_INSUFFICIENT
103481.870670266,supervisor,THRUST_PERMITTED
105103.022503447,supervisor,THRUST_POWER_INSUFFICIENT
109220.863485281,supervisor,THRUST_PERMITTED
110842.015318462,supervisor,THRUST_POWER_INSUFFICIENT
114959.856300296,supervisor,THRUST_PERMITTED
116581.008133476,supervisor,THRUST_POWER_INSUFFICIENT
120638.849115311,supervisor,THRUST_PERMITTED
122320.000948491,supervisor,THRUST_POWER_INSUFFICIENT
126437.841930326,supervisor,THRUST_PERMITTED
128058.993763506,supervisor,THRUST_POWER_INSUFFICIENT
132176.834745914,supervisor,THRUST_PERMITTED
133797.986578521,supervisor,THRUST_POWER_INSUFFICIENT
137855.828134254,supervisor,THRUST_PERMITTED
139536.979393536,supervisor,THRUST_POWER_INSUFFICIENT
143654.82037537,supervisor,THRUST_PERMITTED
145275.97220855,supervisor,THRUST_POWER_INSUFFICIENT
149393.813190385,supervisor,THRUST_PERMITTED
151014.965023565,supervisor,THRUST_POWER_INSUFFICIENT
155072.806579299,supervisor,THRUST_PERMITTED
156753.95783858,supervisor,THRUST_POWER_INSUFFICIENT
160871.798820414,supervisor,THRUST_PERMITTED
162492.950653595,supervisor,THRUST_POWER_INSUFFICIENT
166610.791635429,supervisor,THRUST_PERMITTED
168231.94346861,supervisor,THRUST_POWER_INSUFFICIENT
172289.784451018,supervisor,THRUST_PERMITTED
173970.936283624,supervisor,THRUST_POWER_INSUFFICIENT
178088.777839358,supervisor,THRUST_PERMITTED
179709.929098639,supervisor,THRUST_POWER_INSUFFICIENT
183827.770080474,supervisor,THRUST_PERMITTED
185448.921913654,supervisor,THRUST_POWER_INSUFFICIENT
189566.762895488,supervisor,THRUST_PERMITTED
191187.914728669,supervisor,THRUST_POWER_INSUFFICIENT
195245.755710503,supervisor,THRUST_PERMITTED
196926.907543684,supervisor,THRUST_POWER_INSUFFICIENT
201044.748525518,supervisor,THRUST_PERMITTED
202665.900358698,supervisor,THRUST_POWER_INSUFFICIENT
206783.741340533,supervisor,THRUST_PERMITTED
208404.893173713,supervisor,THRUST_POWER_INSUFFICIENT
212462.734155548,supervisor,THRUST_PERMITTED
214143.885988728,supervisor,THRUST_POWER_INSUFFICIENT
218261.726970562,supervisor,THRUST_PERMITTED
219882.878803743,supervisor,THRUST_POWER_INSUFFICIENT
224000.719785577,supervisor,THRUST_PERMITTED
225621.871618758,supervisor,THRUST_POWER_INSUFFICIENT
229679.712600592,supervisor,THRUST_PERMITTED
231360.864433772,supervisor,THRUST_POWER_INSUFFICIENT
235478.705415607,supervisor,THRUST_PERMITTED
237099.857248787,supervisor,THRUST_POWER_INSUFFICIENT
241217.698230622,supervisor,THRUST_PERMITTED
242838.850063802,supervisor,THRUST_POWER_INSUFFICIENT
246896.691045636,supervisor,THRUST_PERMITTED
248577.842878817,supervisor,THRUST_POWER_INSUFFICIENT
252695.683860651,supervisor,THRUST_PERMITTED
254316.835693832,supervisor,THRUST_POWER_INSUFFICIENT
258434.676675666,supervisor,THRUST_PERMITTED
260055.828508846,supervisor,THRUST_POWER_INSUFFICIENT
264173.669491255,supervisor,THRUST_PERMITTED
265794.821323861,supervisor,THRUST_POWER_INSUFFICIENT
269852.662879595,supervisor,THRUST_PERMITTED
271533.814138876,supervisor,THRUST_POWER_INSUFFICIENT
275651.65512071,supervisor,THRUST_PERMITTED
277272.806953891,supervisor,THRUST_POWER_INSUFFICIENT
281390.647935725,supervisor,THRUST_PERMITTED
283011.799768906,supervisor,THRUST_POWER_INSUFFICIENT
287069.64075074,supervisor,THRUST_PERMITTED
288750.79258392,supervisor,THRUST_POWER_INSUFFICIENT
292868.633565755,supervisor,THRUST_PERMITTED
294489.785398935,supervisor,THRUST_POWER_INSUFFICIENT
298607.626380769,supervisor,THRUST_PERMITTED
300228.77821395,supervisor,THRUST_POWER_INSUFFICIENT
304286.619196358,supervisor,THRUST_PERMITTED
305967.771028965,supervisor,THRUST_POWER_INSUFFICIENT
310085.612584698,supervisor,THRUST_PERMITTED
311706.76384398,supervisor,THRUST_POWER_INSUFFICIENT
315824.604825814,supervisor,THRUST_PERMITTED
317445.756658994,supervisor,THRUST_POWER_INSUFFICIENT
321503.597640829,supervisor,THRUST_PERMITTED
323184.749474009,supervisor,THRUST_POWER_INSUFFICIENT
327302.590455843,supervisor,THRUST_PERMITTED
328336.12561508,window_down,osculating apogee at window lower boundary
328382.590455843,supervisor,THRUST_PERMITTED
328554.719982303,window_up,osculating apogee at window lower boundary
328562.590455843,supervisor,THRUST_PERMITTED
328923.742289024,supervisor,THRUST_POWER_INSUFFICIENT
333041.583270858,supervisor,THRUST_PERMITTED
333837.418289746,window_down,osculating apogee at window lower boundary
333881.583270858,supervisor,THRUST_PERMITTED
334337.014962207,window_up,osculating apogee at window lower boundary
334361.583270858,supervisor,THRUST_PERMITTED
334662.735104039,supervisor,THRUST_POWER_INSUFFICIENT
338780.576085873,supervisor,THRUST_PERMITTED
339379.459254436,window_down,osculating apogee at window lower boundary
339380.576085873,supervisor,THRUST_PERMITTED
340073.002453187,window_up,osculating apogee at window lower boundary
340100.576085873,supervisor,THRUST_PERMITTED
340401.727919054,supervisor,THRUST_POWER_INSUFFICIENT
344459.568901462,supervisor,THRUST_PERMITTED
344927.376024439,window_down,osculating apogee at window lower boundary
344939.568901462,supervisor,THRUST_PERMITTED
345796.854257449,window_up,osculating apogee at window lower boundary
345839.568901462,supervisor,THRUST_PERMITTED
346140.720734068,supervisor,THRUST_POWER_INSUFFICIENT
347464.278794785,window_down,osculating apogee at window lower boundary
347509.065308395,supervisor,THRUST_POWER_INSUFFICIENT
347922.787576443,window_up,osculating apogee at window lower boundary
347929.065308395,supervisor,THRUST_POWER_INSUFFICIENT
350258.562289802,supervisor,THRUST_PERMITTED
350476.326851879,window_down,osculating apogee at window lower boundary
350498.562289802,supervisor,THRUST_PERMITTED
351512.193727247,window_up,osculating apogee at window lower boundary
351518.562289802,supervisor,THRUST_PERMITTED
351879.713549083,supervisor,THRUST_POWER_INSUFFICIENT
352933.261942009,window_down,osculating apogee at window lower boundary
352948.05812341,supervisor,THRUST_POWER_INSUFFICIENT
353972.815318693,window_up,osculating apogee at window lower boundary
354016.402697737,supervisor,THRUST_POWER_INSUFFICIENT
355997.554530917,supervisor,THRUST_PERMITTED
356018.639654365,window_down,osculating apogee at window lower boundary
356057.554530917,supervisor,THRUST_PERMITTED
357225.008347734,window_up,osculating apogee at window lower boundary
357257.554530917,supervisor,THRUST_PERMITTED
357618.706364098,supervisor,THRUST_POWER_INSUFFICIENT
358456.118208067,window_down,osculating apogee at window lower boundary
358458.706364098,supervisor,THRUST_POWER_INSUFFICIENT
360555.473426709,window_up,osculating apogee at window lower boundary
360595.395512752,supervisor,THRUST_POWER_INSUFFICIENT
361537.260686603,window_down,osculating apogee at window lower boundary
361555.395512752,supervisor,THRUST_POWER_INSUFFICIENT
361676.547345932,supervisor,THRUST_PERMITTED
362940.585462267,window_up,osculating apogee at window lower boundary
362996.547345932,supervisor,THRUST_PERMITTED
363357.699179113,supervisor,THRUST_POWER_INSUFFICIENT
363989.390125856,window_down,osculating apogee at window lower boundary
364017.699179113,supervisor,THRUST_POWER_INSUFFICIENT
366450.710596968,window_up,osculating apogee at window lower boundary
366454.388327767,supervisor,THRUST_POWER_INSUFFICIENT
367009.15195591,window_down,osculating apogee at window lower boundary
367054.388327767,supervisor,THRUST_POWER_INSUFFICIENT
367475.540160947,supervisor,THRUST_PERMITTED
368657.975440063,window_up,osculating apogee at window lower boundary
368675.540160947,supervisor,THRUST_PERMITTED
369096.691994128,supervisor,THRUST_POWER_INSUFFICIENT
369524.887614832,window_down,osculating apogee at window lower boundary
369576.691994128,supervisor,THRUST_POWER_INSUFFICIENT
373214.532975962,supervisor,THRUST_PERMITTED
374385.877830047,window_up,osculating apogee at window lower boundary
374414.532975962,supervisor,THRUST_PERMITTED
374835.684809142,supervisor,THRUST_POWER_INSUFFICIENT
375048.833729828,window_down,osculating apogee at window lower boundary
375075.684809142,supervisor,THRUST_POWER_INSUFFICIENT
378893.525790977,supervisor,THRUST_PERMITTED
380148.735889738,window_up,osculating apogee at window lower boundary
380153.525790977,supervisor,THRUST_PERMITTED
380532.407349049,window_down,osculating apogee at window lower boundary
380573.525790977,supervisor,THRUST_PERMITTED
380574.677624157,supervisor,THRUST_POWER_INSUFFICIENT
384692.518605991,supervisor,THRUST_PERMITTED
386313.670439172,supervisor,THRUST_POWER_INSUFFICIENT
390431.511421006,supervisor,THRUST_PERMITTED
392052.663254187,supervisor,THRUST_POWER_INSUFFICIENT
396110.504236021,supervisor,THRUST_PERMITTED
397791.656069202,supervisor,THRUST_POWER_INSUFFICIENT
401909.497051036,supervisor,THRUST_PERMITTED
403530.648884216,supervisor,THRUST_POWER_INSUFFICIENT
407648.489866051,supervisor,THRUST_PERMITTED
409269.641699231,supervisor,THRUST_POWER_INSUFFICIENT
413387.482681065,supervisor,THRUST_PERMITTED
415008.634514246,supervisor,THRUST_POWER_INSUFFICIENT
419066.47549608,supervisor,THRUST_PERMITTED
420747.627329261,supervisor,THRUST_POWER_INSUFFICIENT
424865.468311095,supervisor,THRUST_PERMITTED
426486.620144275,supervisor,THRUST_POWER_INSUFFICIENT
430604.46112611,supervisor,THRUST_PERMITTED
432225.61295929,supervisor,THRUST_POWER_INSUFFICIENT
436283.453941125,supervisor,THRUST_PERMITTED
437964.605774305,supervisor,THRUST_POWER_INSUFFICIENT
442082.446756139,supervisor,THRUST_PERMITTED
443703.59858932,supervisor,THRUST_POWER_INSUFFICIENT
447821.439571154,supervisor,THRUST_PERMITTED
449442.591404335,supervisor,THRUST_POWER_INSUFFICIENT
453500.432386169,supervisor,THRUST_PERMITTED
455181.584219349,supervisor,THRUST_POWER_INSUFFICIENT
459299.425201184,supervisor,THRUST_PERMITTED
460920.577034364,supervisor,THRUST_POWER_INSUFFICIENT
465038.418016199,supervisor,THRUST_PERMITTED
466659.569849379,supervisor,THRUST_POWER_INSUFFICIENT
470717.410831213,supervisor,THRUST_PERMITTED
472398.562664394,supervisor,THRUST_POWER_INSUFFICIENT
476516.403646228,supervisor,THRUST_PERMITTED
478137.555479409,supervisor,THRUST_POWER_INSUFFICIENT
482255.396461243,supervisor,THRUST_PERMITTED
483876.548294423,supervisor,THRUST_POWER_INSUFFICIENT
487994.389276258,supervisor,THRUST_PERMITTED
489615.541109438,supervisor,THRUST_POWER_INSUFFICIENT
493673.382091273,supervisor,THRUST_PERMITTED
495354.533924453,supervisor,THRUST_POWER_INSUFFICIENT
499472.374906287,supervisor,THRUST_PERMITTED
501093.526739468,supervisor,THRUST_POWER_INSUFFICIENT
505211.367721302,supervisor,THRUST_PERMITTED
506832.519554483,supervisor,THRUST_POWER_INSUFFICIENT
510890.360536317,supervisor,THRUST_PERMITTED
512571.512369498,supervisor,THRUST_POWER_INSUFFICIENT
516689.353351332,supervisor,THRUST_PERMITTED
518310.505184512,supervisor,THRUST_POWER_INSUFFICIENT
522428.346166347,supervisor,THRUST_PERMITTED
524049.497999527,supervisor,THRUST_POWER_INSUFFICIENT
528107.338981935,supervisor,THRUST_PERMITTED
529788.490814542,supervisor,THRUST_POWER_INSUFFICIENT
533906.332370275,supervisor,THRUST_PERMITTED
535527.483629557,supervisor,THRUST_POWER_INSUFFICIENT
539645.324611391,supervisor,THRUST_PERMITTED
541266.476444572,supervisor,THRUST_POWER_INSUFFICIENT
545324.317426406,supervisor,THRUST_PERMITTED
547005.469259586,supervisor,THRUST_POWER_INSUFFICIENT
551123.310241421,supervisor,THRUST_PERMITTED
552744.462074601,supervisor,THRUST_POWER_INSUFFICIENT
556862.303056435,supervisor,THRUST_PERMITTED
558483.454889616,supervisor,THRUST_POWER_INSUFFICIENT
562601.29587145,supervisor,THRUST_PERMITTED
564222.447704631,supervisor,THRUST_POWER_INSUFFICIENT
568280.288686465,supervisor,THRUST_PERMITTED
569961.440519645,supervisor,THRUST_POWER_INSUFFICIENT
574079.28150148,supervisor,THRUST_PERMITTED
575700.43333466,supervisor,THRUST_POWER_INSUFFICIENT
579818.274316495,supervisor,THRUST_PERMITTED
581439.426149675,supervisor,THRUST_POWER_INSUFFICIENT
585497.267131509,supervisor,THRUST_PERMITTED
587178.41896469,supervisor,THRUST_POWER_INSUFFICIENT
591296.259946524,supervisor,THRUST_PERMITTED
592917.411779705,supervisor,THRUST_POWER_INSUFFICIENT
597035.252761539,supervisor,THRUST_PERMITTED
598656.404594719,supervisor,THRUST_POWER_INSUFFICIENT
602714.245577128,supervisor,THRUST_PERMITTED
604395.397409734,supervisor,THRUST_POWER_INSUFFICIENT
608513.238392142,supervisor,THRUST_PERMITTED
610134.390224749,supervisor,THRUST_POWER_INSUFFICIENT
614252.231780483,supervisor,THRUST_PERMITTED
615873.383039764,supervisor,THRUST_POWER_INSUFFICIENT
619931.224021598,supervisor,THRUST_PERMITTED
621612.375854779,supervisor,THRUST_POWER_INSUFFICIENT
625730.216836613,supervisor,THRUST_PERMITTED
627351.368669793,supervisor,THRUST_POWER_INSUFFICIENT
631469.209651628,supervisor,THRUST_PERMITTED
633090.361484808,supervisor,THRUST_POWER_INSUFFICIENT
637208.202466643,supervisor,THRUST_PERMITTED
638829.354299823,supervisor,THRUST_POWER_INSUFFICIENT
642887.195281657,supervisor,THRUST_PERMITTED
644568.347114838,supervisor,THRUST_POWER_INSUFFICIENT
648686.188096672,supervisor,THRUST_PERMITTED
650307.339929853,supervisor,THRUST_POWER_INSUFFICIENT
654425.180911687,supervisor,THRUST_PERMITTED
656046.332744867,supervisor,THRUST_POWER_INSUFFICIENT
660104.173726702,supervisor,THRUST_PERMITTED
661785.325559882,supervisor,THRUST_POWER_INSUFFICIENT
665903.166541717,supervisor,THRUST_PERMITTED
667524.318374897,supervisor,THRUST_POWER_INSUFFICIENT
671642.159356731,supervisor,THRUST_PERMITTED
673263.311189912,supervisor,THRUST_POWER_INSUFFICIENT
677321.152171746,supervisor,THRUST_PERMITTED
679002.304004927,supervisor,THRUST_POWER_INSUFFICIENT
683120.144987335,supervisor,THRUST_PERMITTED
684741.296819941,supervisor,THRUST_POWER_INSUFFICIENT
688859.13780235,supervisor,THRUST_PERMITTED
690480.289634956,supervisor,THRUST_POWER_INSUFFICIENT
694538.13119069,supervisor,THRUST_PERMITTED
696219.282449971,supervisor,THRUST_POWER_INSUFFICIENT
700337.123431805,supervisor,THRUST_PERMITTED
701958.275264986,supervisor,THRUST_POWER_INSUFFICIENT
706076.11624682,supervisor,THRUST_PERMITTED
707697.268080001,supervisor,THRUST_POWER_INSUFFICIENT
711815.109061835,supervisor,THRUST_PERMITTED
713436.260895015,supervisor,THRUST_POWER_INSUFFICIENT
717494.10187685,supervisor,THRUST_PERMITTED
719175.25371003,supervisor,THRUST_POWER_INSUFFICIENT
723293.094691865,supervisor,THRUST_PERMITTED
724914.246525045,supervisor,THRUST_POWER_INSUFFICIENT
729032.087506879,supervisor,THRUST_PERMITTED
730653.23934006,supervisor,THRUST_POWER_INSUFFICIENT
734711.080321894,supervisor,THRUST_PERMITTED
736392.232155075,supervisor,THRUST_POWER_INSUFFICIENT
740510.073136909,supervisor,THRUST_PERMITTED
742131.224970089,supervisor,THRUST_POWER_INSUFFICIENT
746249.065951924,supervisor,THRUST_PERMITTED
747870.217785104,supervisor,THRUST_POWER_INSUFFICIENT
751928.058766939,supervisor,THRUST_PERMITTED
753609.210600119,supervisor,THRUST_POWER_INSUFFICIENT
757727.051581953,supervisor,THRUST_PERMITTED
759348.203415134,supervisor,THRUST_POWER_INSUFFICIENT
763466.044396968,supervisor,THRUST_PERMITTED
765087.196230149,supervisor,THRUST_POWER_INSUFFICIENT
769205.037211983,supervisor,THRUST_PERMITTED
770826.189045163,supervisor,THRUST_POWER_INSUFFICIENT
774884.030026998,supervisor,THRUST_PERMITTED
776565.181860178,supervisor,THRUST_POWER_INSUFFICIENT
780683.022842012,supervisor,THRUST_PERMITTED
782304.174675193,supervisor,THRUST_POWER_INSUFFICIENT
786422.015657027,supervisor,THRUST_PERMITTED
788043.167490208,supervisor,THRUST_POWER_INSUFFICIENT
792101.008472042,supervisor,THRUST_PERMITTED
793782.160305223,supervisor,THRUST_POWER_INSUFFICIENT
797900.001287057,supervisor,THRUST_PERMITTED
799521.153120237,supervisor,THRUST_POWER_INSUFFICIENT
803638.994102072,supervisor,THRUST_PERMITTED
805260.145935252,supervisor,THRUST_POWER_INSUFFICIENT
809317.986917087,supervisor,THRUST_PERMITTED
810999.138750267,supervisor,THRUST_POWER_INSUFFICIENT
815116.979732101,supervisor,THRUST_PERMITTED
816738.131565282,supervisor,THRUST_POWER_INSUFFICIENT
820855.972547116,supervisor,THRUST_PERMITTED
822477.124380297,supervisor,THRUST_POWER_INSUFFICIENT
826534.965362131,supervisor,THRUST_PERMITTED
828216.117195311,supervisor,THRUST_POWER_INSUFFICIENT
832333.958177146,supervisor,THRUST_PERMITTED
833955.110010326,supervisor,THRUST_POWER_INSUFFICIENT
838072.95099216,supervisor,THRUST_PERMITTED
839694.102825341,supervisor,THRUST_POWER_INSUFFICIENT
843811.943807175,supervisor,THRUST_PERMITTED
845433.095640356,supervisor,THRUST_POWER_INSUFFICIENT
849490.93662219,supervisor,THRUST_PERMITTED
851172.088455371,supervisor,THRUST_POWER_INSUFFICIENT
855289.929437205,supervisor,THRUST_PERMITTED
856911.081270385,supervisor,THRUST_POWER_INSUFFICIENT
861028.92225222,supervisor,THRUST_PERMITTED
862650.0740854,supervisor,THRUST_POWER_INSUFFICIENT
866707.915067235,supervisor,THRUST_PERMITTED
868389.066900415,supervisor,THRUST_POWER_INSUFFICIENT
872506.907882249,supervisor,THRUST_PERMITTED
874128.05971543,supervisor,THRUST_POWER_INSUFFICIENT
878245.900697264,supervisor,THRUST_PERMITTED
879867.052530445,supervisor,THRUST_POWER_INSUFFICIENT
883924.893512279,supervisor,THRUST_PERMITTED
885606.045345459,supervisor,THRUST_POWER_INSUFFICIENT
889723.886327294,supervisor,THRUST_PERMITTED
891345.038160474,supervisor,THRUST_POWER_INSUFFICIENT
895462.879142308,supervisor,THRUST_PERMITTED
897084.030975489,supervisor,THRUST_POWER_INSUFFICIENT
901141.871957323,supervisor,THRUST_PERMITTED
902823.023790504,supervisor,THRUST_POWER_INSUFFICIENT
904572.133144806,switch,sail deployment commanded
904572.133144806,supervisor,SWITCH_REACHED
904572.133144806,deployment_started,waiting for simulated confirmation
904572.133144806,supervisor,DEPLOYMENT_IN_PROGRESS
904692.133144806,deployment_actual_complete,simulated mechanism ended; not sensor evidence
904692.133144806,supervisor,SAIL_STATE_UNKNOWN
904702.133144806,deployment_confirmed,deployed
904702.133144806,supervisor,SAIL_CONFIRMED
1152562.37956941,reentry,downward 120 km crossing
