group,caseId,purpose,status,tWindowExit_d,t120_d,propUsed_kg,windowObservationEnd_d,source
A1,A1_OLD_500,旧调度、500 W,power_failure,NaN,NaN,0.00306110621055211,0.0451522202914403,Coding/results/current_20260930_200345_605/a1/tables/power_a1_summary.csv
A1,A1_NEW_500_R10,提前留电、500 W、瞬时展开,reentry,9.93396337397695,28.4645729186982,0.430728128362318,28.4645729186982,Coding/results/current_20260930_200345_605/a1/tables/power_a1_summary.csv
A2,A2_IDEAL,同供电控制理想展开基准,reentry,3.21764671840053,9.83166502187344,0.441839599872644,9.83166502187344,Coding/results/current_20260930_200345_605/a2/tables/deployment_summary.csv
A2,A2_NORMAL_120,当前主案例,reentry,3.21764671840053,9.83245982646045,0.441839599872644,9.83245982646045,Coding/results/current_20260930_200345_605/a2/tables/deployment_summary.csv
A2,A2_PARTIAL,确认半展后补推,reentry,3.21764671840053,9.44756746696948,0.594879332824689,9.44756746696948,Coding/results/current_20260930_200345_605/a2/tables/deployment_summary.csv
A2,A2_FAILED,确认失败后补推,reentry,3.21764671840053,12.5149237257935,0.79005113902641,12.5149237257935,Coding/results/current_20260930_200345_605/a2/tables/deployment_summary.csv
A2,A2_LOST_DEPLOYED,实际全展、反馈未知,reentry,3.21764671840053,9.83245982653515,0.441839599872644,9.83245982653515,Coding/results/current_20260930_200345_605/a2/tables/deployment_summary.csv
A2,A2_LOST_STOWED,实际未展、反馈未知,reentry,3.21764671840053,66.3246659711556,0.441839599872644,66.3246659711556,Coding/results/current_20260930_200345_605/a2/tables/deployment_summary.csv
A2,A2_NORMAL_500,500 W、有限展开,reentry,9.93396337397695,28.4653672360977,0.430728128362318,28.4653672360977,Coding/results/current_20260930_200345_605/a2/tables/deployment_summary.csv
U1,U1_SOLAR_585,单独降低供电,reentry,3.81037339210991,11.5262844791195,0.439559437844409,11.5262844791195,Coding/results/u1_20260930_211336_825/tables/uncertainty_summary.csv
U1,U1_CAPACITY_270,单独降低电池容量,reentry,3.41606169000611,10.4039107270614,0.441658303950675,10.4039107270614,Coding/results/u1_20260930_211336_825/tables/uncertainty_summary.csv
U1,U1_INITIAL_70,单独降低初始电量,reentry,3.21808670617801,9.84441652810113,0.441427929516934,9.84441652810113,Coding/results/u1_20260930_211336_825/tables/uncertainty_summary.csv
U1,U1_LOAD_110,单独增加公共负载,reentry,3.4805788396167,10.5248399260054,0.442274048822213,10.5248399260054,Coding/results/u1_20260930_211336_825/tables/uncertainty_summary.csv
U2,U2_COMBINED,中等不利条件组合,reentry,4.40431027024362,13.3398423561275,0.439603032077031,13.3398423561275,Coding/results/u2_20260930_213741_686/tables/uncertainty_summary.csv
